location_region,risk_score
South America,45.13585149517994
North America,45.15477773337655
Europe,44.60123289366483
Asia,44.99386613124519
Africa,44.90156553057662
